label,rank_count,total_tasks,compute_s_max,compute_s_min,compute_s_avg,comm_s_total,idle_s_total,idle_gap_ratio,load_balance_pass
grid_1x1,12,150,1.367280,0.221360,0.482689,47.416839,10.615090,0.838102,NO
grid_2x2,12,600,5.446776,1.077342,2.204905,72.434371,38.902462,0.802206,NO
grid_4x3,12,1800,16.329057,3.113977,6.374973,154.944093,119.449017,0.809298,NO
grid_5x4,12,3000,25.263289,4.455240,9.132549,230.059135,193.568871,0.823648,NO
